student_id,time_organization
13,***
369,***
4672,A des moments tres variables*Surtout durant la semaine - peu la fin de semaine*A egalite : le jour et en soiree*Jamais
5554,***
5611,A des moments tres variables*Surtout durant la semaine - peu la fin de semaine*A egalite : le jour et en soiree*Parfois
4462,A des moments tres variables*En semaine ou la fin de semaine a egalite*Surtout le jour : entre 8h00 et 18h00.*Parfois
6132,***
608,Plage de temps reservee avec quelques exceptions*En semaine ou la fin de semaine a egalite*A egalite : le jour et en soiree*Jamais
4344,A des moments tres variables*Surtout durant la semaine - peu la fin de semaine*Surtout en soiree : apres 18h00.*Parfois
4051,A des moments tres variables*Surtout durant la semaine - peu la fin de semaine*Surtout le jour : entre 8h00 et 18h00.*Parfois
4192,A des moments tres variables*Surtout durant la fin de semaine - peu en semaine*Surtout le jour : entre 8h00 et 18h00.*Parfois
2438,***
3840,Plage de temps reservee avec quelques exceptions*Surtout durant la semaine - peu la fin de semaine*Surtout le jour : entre 8h00 et 18h00.*Jamais
2295,Plage de temps reservee avec quelques exceptions*Surtout durant la fin de semaine - peu en semaine*Surtout le jour : entre 8h00 et 18h00.*Jamais
5961,***
510,***
4684,A des moments tres variables*En semaine ou la fin de semaine a egalite*Surtout en soiree : apres 18h00.*Parfois
2608,***
4355,A des moments tres variables*Surtout durant la semaine - peu la fin de semaine*Surtout le jour : entre 8h00 et 18h00.*Jamais
1188,*En semaine ou la fin de semaine a egalite**Parfois
5838,*Surtout durant la semaine - peu la fin de semaine*Surtout le jour : entre 8h00 et 18h00.*Jamais
3673,Plage de temps reservee avec quelques exceptions*Surtout durant la semaine - peu la fin de semaine*Surtout le jour : entre 8h00 et 18h00.*Parfois
1040,*En semaine ou la fin de semaine a egalite*option_i4x-TELUQ-TUL1-problem-7263404c883d4411a0879cf73ff5f652_2_3_dummy_default*Jamais
2602,***
1875,***
1685,Plage de temps strictement reservee*Surtout durant la semaine - peu la fin de semaine**Jamais
4455,Plage de temps reservee avec quelques exceptions*En semaine ou la fin de semaine a egalite*Surtout en soiree : apres 18h00.*Toujours
389,Plage de temps reservee avec quelques exceptions*Surtout durant la semaine - peu la fin de semaine*Surtout le jour : entre 8h00 et 18h00.*Parfois
321,***
1295,***
5992,***
4949,*Surtout durant la semaine - peu la fin de semaine*Surtout le jour : entre 8h00 et 18h00.*option_i4x-TELUQ-TUL1-problem-7263404c883d4411a0879cf73ff5f652_2_4_dummy_default
2379,Plage de temps strictement reservee*Surtout durant la semaine - peu la fin de semaine*Surtout en soiree : apres 18h00.*Jamais
3038,*En semaine ou la fin de semaine a egalite*Surtout en soiree : apres 18h00.*Parfois
2274,*Surtout durant la semaine - peu la fin de semaine*Surtout le jour : entre 8h00 et 18h00.*Jamais
4338,Plage de temps reservee avec quelques exceptions*En semaine ou la fin de semaine a egalite**Jamais
4839,***
2684,Plage de temps reservee avec quelques exceptions*En semaine ou la fin de semaine a egalite*Surtout le jour : entre 8h00 et 18h00.*option_i4x-TELUQ-TUL1-problem-7263404c883d4411a0879cf73ff5f652_2_4_dummy_default
1928,***
3320,Plage de temps strictement reservee*Surtout durant la fin de semaine - peu en semaine*Surtout en soiree : apres 18h00.*Jamais
469,Plage de temps reservee avec quelques exceptions*Surtout durant la semaine - peu la fin de semaine*Surtout le jour : entre 8h00 et 18h00.*Jamais
2903,*En semaine ou la fin de semaine a egalite**Parfois
4744,Plage de temps strictement reservee*Surtout durant la semaine - peu la fin de semaine*Surtout le jour : entre 8h00 et 18h00.*Jamais
1082,*Surtout durant la semaine - peu la fin de semaine*Surtout le jour : entre 8h00 et 18h00.*Parfois
1932,*En semaine ou la fin de semaine a egalite*Surtout en soiree : apres 18h00.*Parfois
1805,*Surtout durant la semaine - peu la fin de semaine*Surtout le jour : entre 8h00 et 18h00.*option_i4x-TELUQ-TUL1-problem-7263404c883d4411a0879cf73ff5f652_2_4_dummy_default
1456,Plage de temps strictement reservee*Surtout durant la semaine - peu la fin de semaine*Surtout le jour : entre 8h00 et 18h00.*Tres souvent
500,*Surtout durant la semaine - peu la fin de semaine*Surtout le jour : entre 8h00 et 18h00.*Jamais
3730,Plage de temps reservee avec quelques exceptions*Surtout durant la semaine - peu la fin de semaine*Surtout le jour : entre 8h00 et 18h00.*Jamais
319,Plage de temps strictement reservee*Surtout durant la semaine - peu la fin de semaine*Surtout en soiree : apres 18h00.*Jamais
6006,***
1175,Plage de temps reservee avec quelques exceptions*Surtout durant la fin de semaine - peu en semaine*Surtout en soiree : apres 18h00.*Jamais
3433,***
3909,*Surtout durant la semaine - peu la fin de semaine*Surtout le jour : entre 8h00 et 18h00.*Jamais
2098,Plage de temps reservee avec quelques exceptions*Surtout durant la fin de semaine - peu en semaine*Surtout le jour : entre 8h00 et 18h00.*Jamais
5640,Plage de temps strictement reservee*Surtout durant la semaine - peu la fin de semaine*Surtout le jour : entre 8h00 et 18h00.*Parfois
1627,Plage de temps reservee avec quelques exceptions*Surtout durant la semaine - peu la fin de semaine*Surtout le jour : entre 8h00 et 18h00.*Jamais
3879,Plage de temps reservee avec quelques exceptions*Surtout durant la fin de semaine - peu en semaine*Surtout le jour : entre 8h00 et 18h00.*Parfois
418,***
5834,***
1664,*Surtout durant la semaine - peu la fin de semaine*Surtout le jour : entre 8h00 et 18h00.*Tres souvent
4010,*Surtout durant la fin de semaine - peu en semaine*Surtout le jour : entre 8h00 et 18h00.*Parfois
894,*En semaine ou la fin de semaine a egalite*Surtout le jour : entre 8h00 et 18h00.*Tres souvent
4527,Plage de temps reservee avec quelques exceptions*Surtout durant la semaine - peu la fin de semaine**Parfois
3632,*Surtout durant la semaine - peu la fin de semaine**Regulierement
1947,*En semaine ou la fin de semaine a egalite**Tres souvent
1954,*Surtout durant la semaine - peu la fin de semaine**Parfois
3060,Plage de temps reservee avec quelques exceptions*Surtout durant la semaine - peu la fin de semaine*Surtout le jour : entre 8h00 et 18h00.*Jamais
256,Plage de temps strictement reservee*Surtout durant la semaine - peu la fin de semaine*Surtout le jour : entre 8h00 et 18h00.*Toujours
1886,*Surtout durant la fin de semaine - peu en semaine*Surtout en soiree : apres 18h00.*Jamais
551,*Surtout durant la semaine - peu la fin de semaine**Jamais
5226,***
3242,***
2593,Plage de temps reservee avec quelques exceptions*Surtout durant la fin de semaine - peu en semaine*Surtout le jour : entre 8h00 et 18h00.*Jamais
1790,Plage de temps reservee avec quelques exceptions*Surtout durant la semaine - peu la fin de semaine*Surtout le jour : entre 8h00 et 18h00.*Toujours
3810,Plage de temps reservee avec quelques exceptions*Surtout durant la fin de semaine - peu en semaine*Surtout en soiree : apres 18h00.*Jamais
3122,Plage de temps reservee avec quelques exceptions*Surtout durant la semaine - peu la fin de semaine*Surtout le jour : entre 8h00 et 18h00.*Tres souvent
3962,Plage de temps reservee avec quelques exceptions*Surtout durant la semaine - peu la fin de semaine*Surtout le jour : entre 8h00 et 18h00.*Jamais
2698,Plage de temps reservee avec quelques exceptions*Surtout durant la semaine - peu la fin de semaine*Surtout en soiree : apres 18h00.*Jamais
1388,Plage de temps strictement reservee*Surtout durant la semaine - peu la fin de semaine*Surtout le jour : entre 8h00 et 18h00.*Parfois
1554,Plage de temps reservee avec quelques exceptions*En semaine ou la fin de semaine a egalite*Surtout en soiree : apres 18h00.*Regulierement
1845,***
6045,***
5939,Plage de temps reservee avec quelques exceptions*Surtout durant la semaine - peu la fin de semaine*Surtout le jour : entre 8h00 et 18h00.*Jamais
727,***
576,***
5801,Plage de temps reservee avec quelques exceptions*Surtout durant la fin de semaine - peu en semaine**Jamais
4706,Plage de temps reservee avec quelques exceptions*Surtout durant la semaine - peu la fin de semaine*Surtout le jour : entre 8h00 et 18h00.*Parfois
2674,*En semaine ou la fin de semaine a egalite*Surtout en soiree : apres 18h00.*Jamais
1761,*En semaine ou la fin de semaine a egalite*Surtout en soiree : apres 18h00.*Parfois
2194,***
4182,***
720,*Surtout durant la semaine - peu la fin de semaine*Surtout le jour : entre 8h00 et 18h00.*option_i4x-TELUQ-TUL1-problem-7263404c883d4411a0879cf73ff5f652_2_4_dummy_default
380,Plage de temps reservee avec quelques exceptions*Surtout durant la semaine - peu la fin de semaine**Jamais
4163,***
3856,*En semaine ou la fin de semaine a egalite**Tres souvent
6026,***
4892,Plage de temps reservee avec quelques exceptions*Surtout durant la semaine - peu la fin de semaine*Surtout le jour : entre 8h00 et 18h00.*Regulierement
3694,Plage de temps strictement reservee*Surtout durant la semaine - peu la fin de semaine*Surtout le jour : entre 8h00 et 18h00.*Tres souvent
5774,Plage de temps strictement reservee*En semaine ou la fin de semaine a egalite*Surtout en soiree : apres 18h00.*Jamais
1914,*En semaine ou la fin de semaine a egalite*Surtout en soiree : apres 18h00.*Jamais
4534,*Surtout durant la semaine - peu la fin de semaine*Surtout le jour : entre 8h00 et 18h00.*Jamais
1892,Plage de temps strictement reservee*Surtout durant la fin de semaine - peu en semaine*Surtout en soiree : apres 18h00.*Jamais
1868,***
1751,Plage de temps strictement reservee*Surtout durant la semaine - peu la fin de semaine*Surtout en soiree : apres 18h00.*Toujours
5560,Plage de temps strictement reservee*En semaine ou la fin de semaine a egalite**Jamais
2745,*Surtout durant la semaine - peu la fin de semaine*Surtout en soiree : apres 18h00.*Parfois
5558,Plage de temps strictement reservee*Surtout durant la semaine - peu la fin de semaine*Surtout le jour : entre 8h00 et 18h00.*Regulierement
1182,Plage de temps strictement reservee*Surtout durant la semaine - peu la fin de semaine*Surtout en soiree : apres 18h00.*Jamais
4721,*Surtout durant la semaine - peu la fin de semaine*Surtout en soiree : apres 18h00.*Jamais
3259,*Surtout durant la fin de semaine - peu en semaine*Surtout en soiree : apres 18h00.*Parfois
1430,Plage de temps strictement reservee*Surtout durant la fin de semaine - peu en semaine*Surtout le jour : entre 8h00 et 18h00.*Jamais
2475,Plage de temps reservee avec quelques exceptions*Surtout durant la semaine - peu la fin de semaine*Surtout le jour : entre 8h00 et 18h00.*Jamais
1865,*En semaine ou la fin de semaine a egalite**Jamais
1836,*Surtout durant la semaine - peu la fin de semaine*Surtout en soiree : apres 18h00.*Jamais
5660,***
4655,Plage de temps reservee avec quelques exceptions*En semaine ou la fin de semaine a egalite**Parfois
4003,***
2654,*Surtout durant la fin de semaine - peu en semaine**Jamais
1427,Plage de temps reservee avec quelques exceptions*Surtout durant la semaine - peu la fin de semaine*Surtout en soiree : apres 18h00.*Jamais
1723,*En semaine ou la fin de semaine a egalite**Jamais
2457,Plage de temps reservee avec quelques exceptions*Surtout durant la fin de semaine - peu en semaine*Surtout le jour : entre 8h00 et 18h00.*Parfois
816,Plage de temps reservee avec quelques exceptions*Surtout durant la semaine - peu la fin de semaine*Surtout en soiree : apres 18h00.*Jamais
2267,Plage de temps strictement reservee*Surtout durant la fin de semaine - peu en semaine*Surtout le jour : entre 8h00 et 18h00.*Jamais
3532,Plage de temps reservee avec quelques exceptions*Surtout durant la semaine - peu la fin de semaine*Surtout en soiree : apres 18h00.*Jamais
751,Plage de temps reservee avec quelques exceptions*Surtout durant la semaine - peu la fin de semaine*Surtout en soiree : apres 18h00.*Jamais
821,Plage de temps strictement reservee*Surtout durant la fin de semaine - peu en semaine**Jamais
1573,Plage de temps reservee avec quelques exceptions*En semaine ou la fin de semaine a egalite**Parfois
2394,*Surtout durant la semaine - peu la fin de semaine*Surtout en soiree : apres 18h00.*Jamais
5054,Plage de temps reservee avec quelques exceptions*Surtout durant la fin de semaine - peu en semaine*Surtout en soiree : apres 18h00.*Jamais
1059,*Surtout durant la semaine - peu la fin de semaine**Regulierement
4585,*En semaine ou la fin de semaine a egalite*Surtout en soiree : apres 18h00.*Parfois
2375,Plage de temps strictement reservee*Surtout durant la semaine - peu la fin de semaine**Jamais
942,***
2517,Plage de temps reservee avec quelques exceptions*Surtout durant la semaine - peu la fin de semaine**Jamais
4664,Plage de temps reservee avec quelques exceptions*Surtout durant la semaine - peu la fin de semaine*Surtout en soiree : apres 18h00.*Jamais
2774,Plage de temps reservee avec quelques exceptions*Surtout durant la semaine - peu la fin de semaine*Surtout en soiree : apres 18h00.*Jamais
2266,Plage de temps strictement reservee*Surtout durant la semaine - peu la fin de semaine*Surtout en soiree : apres 18h00.*Jamais
1956,*Surtout durant la semaine - peu la fin de semaine**Jamais
1343,***
2662,***
3058,*En semaine ou la fin de semaine a egalite*Surtout en soiree : apres 18h00.*Jamais
2071,Plage de temps reservee avec quelques exceptions*Surtout durant la semaine - peu la fin de semaine*Surtout en soiree : apres 18h00.*Tres souvent
5210,***
2867,***
3278,*Surtout durant la semaine - peu la fin de semaine*Surtout le jour : entre 8h00 et 18h00.*Jamais
4402,*En semaine ou la fin de semaine a egalite**Jamais
3772,*Surtout durant la fin de semaine - peu en semaine*Surtout le jour : entre 8h00 et 18h00.*Parfois
3083,*Surtout durant la fin de semaine - peu en semaine*Surtout le jour : entre 8h00 et 18h00.*Parfois
771,*En semaine ou la fin de semaine a egalite*Surtout le jour : entre 8h00 et 18h00.*Jamais
3012,*En semaine ou la fin de semaine a egalite*Surtout le jour : entre 8h00 et 18h00.*Jamais
2715,*Surtout durant la fin de semaine - peu en semaine*Surtout le jour : entre 8h00 et 18h00.*Tres souvent
1979,***
1889,Plage de temps strictement reservee*Surtout durant la semaine - peu la fin de semaine*Surtout en soiree : apres 18h00.*Parfois
4625,*En semaine ou la fin de semaine a egalite*Surtout le jour : entre 8h00 et 18h00.*Jamais
2081,***
2800,***
800,*Surtout durant la semaine - peu la fin de semaine**Jamais
3525,Plage de temps reservee avec quelques exceptions*Surtout durant la semaine - peu la fin de semaine*Surtout le jour : entre 8h00 et 18h00.*Jamais
1241,Plage de temps reservee avec quelques exceptions*Surtout durant la semaine - peu la fin de semaine*Surtout le jour : entre 8h00 et 18h00.*Parfois
290,*Surtout durant la semaine - peu la fin de semaine*Surtout en soiree : apres 18h00.*Parfois
5368,***
1841,*Surtout durant la semaine - peu la fin de semaine*Surtout le jour : entre 8h00 et 18h00.*Parfois
1544,Plage de temps strictement reservee*Surtout durant la semaine - peu la fin de semaine*Surtout le jour : entre 8h00 et 18h00.*Toujours
1635,Plage de temps strictement reservee*Surtout durant la semaine - peu la fin de semaine*Surtout le jour : entre 8h00 et 18h00.*Parfois
3180,*Surtout durant la semaine - peu la fin de semaine*Surtout en soiree : apres 18h00.*Parfois
1618,*Surtout durant la semaine - peu la fin de semaine*Surtout le jour : entre 8h00 et 18h00.*Toujours
2425,***
3966,*En semaine ou la fin de semaine a egalite**Tres souvent
1898,*Surtout durant la semaine - peu la fin de semaine**Parfois
2947,*En semaine ou la fin de semaine a egalite**Regulierement
1591,*Surtout durant la semaine - peu la fin de semaine*Surtout le jour : entre 8h00 et 18h00.*Tres souvent
5727,***
2165,*Surtout durant la semaine - peu la fin de semaine**Regulierement
2919,Plage de temps reservee avec quelques exceptions*Surtout durant la semaine - peu la fin de semaine**Parfois
3440,*En semaine ou la fin de semaine a egalite**Regulierement
3768,*En semaine ou la fin de semaine a egalite*Surtout en soiree : apres 18h00.*Jamais
4920,*En semaine ou la fin de semaine a egalite**Regulierement
1531,***
1806,*En semaine ou la fin de semaine a egalite**Parfois
4321,***
4393,Plage de temps reservee avec quelques exceptions*Surtout durant la semaine - peu la fin de semaine*Surtout en soiree : apres 18h00.*Parfois
1146,Plage de temps reservee avec quelques exceptions*Surtout durant la semaine - peu la fin de semaine*Surtout le jour : entre 8h00 et 18h00.*Jamais
3708,Plage de temps strictement reservee*Surtout durant la semaine - peu la fin de semaine*Surtout en soiree : apres 18h00.*Parfois
4087,Plage de temps reservee avec quelques exceptions*Surtout durant la semaine - peu la fin de semaine*Surtout le jour : entre 8h00 et 18h00.*Jamais
5869,*Surtout durant la semaine - peu la fin de semaine*Surtout le jour : entre 8h00 et 18h00.*Parfois
512,*Surtout durant la semaine - peu la fin de semaine*Surtout en soiree : apres 18h00.*Parfois
1561,***
4210,***
1107,*En semaine ou la fin de semaine a egalite**Jamais
5067,***
2895,***
4397,*Surtout durant la semaine - peu la fin de semaine*Surtout le jour : entre 8h00 et 18h00.*Jamais
1995,Plage de temps strictement reservee*Surtout durant la semaine - peu la fin de semaine*Surtout en soiree : apres 18h00.*Jamais
3634,*Surtout durant la semaine - peu la fin de semaine**Regulierement
4650,***
2598,*Surtout durant la fin de semaine - peu en semaine**Tres souvent
1882,Plage de temps strictement reservee*Surtout durant la fin de semaine - peu en semaine*Surtout le jour : entre 8h00 et 18h00.*Jamais
2276,***
2898,*En semaine ou la fin de semaine a egalite*Surtout en soiree : apres 18h00.*Jamais
1309,Plage de temps reservee avec quelques exceptions*Surtout durant la semaine - peu la fin de semaine*Surtout en soiree : apres 18h00.*Jamais
5627,Plage de temps reservee avec quelques exceptions*Surtout durant la semaine - peu la fin de semaine**Parfois
488,Plage de temps reservee avec quelques exceptions*Surtout durant la semaine - peu la fin de semaine*Surtout en soiree : apres 18h00.*Jamais
536,*Surtout durant la fin de semaine - peu en semaine*Surtout en soiree : apres 18h00.*Jamais
5454,***
604,Plage de temps reservee avec quelques exceptions*Surtout durant la semaine - peu la fin de semaine*Surtout en soiree : apres 18h00.*Parfois
4554,***
2564,***
546,Plage de temps reservee avec quelques exceptions*Surtout durant la semaine - peu la fin de semaine*Surtout le jour : entre 8h00 et 18h00.*Toujours
2144,*Surtout durant la semaine - peu la fin de semaine*Surtout le jour : entre 8h00 et 18h00.*Jamais
503,Plage de temps strictement reservee*Surtout durant la semaine - peu la fin de semaine*Surtout le jour : entre 8h00 et 18h00.*Jamais
4445,***
4197,Plage de temps reservee avec quelques exceptions*Surtout durant la semaine - peu la fin de semaine*Surtout le jour : entre 8h00 et 18h00.*Jamais
4660,***
966,Plage de temps strictement reservee*Surtout durant la semaine - peu la fin de semaine**Jamais
4259,*Surtout durant la semaine - peu la fin de semaine*Surtout le jour : entre 8h00 et 18h00.*Jamais
1713,Plage de temps strictement reservee*Surtout durant la semaine - peu la fin de semaine*Surtout en soiree : apres 18h00.*Regulierement
3903,***
437,*Surtout durant la semaine - peu la fin de semaine*Surtout le jour : entre 8h00 et 18h00.*Jamais
3273,*Surtout durant la fin de semaine - peu en semaine*Surtout le jour : entre 8h00 et 18h00.*Tres souvent
5842,***
434,*En semaine ou la fin de semaine a egalite*Surtout le jour : entre 8h00 et 18h00.*Jamais
6159,***
3638,Plage de temps strictement reservee*Surtout durant la semaine - peu la fin de semaine*Surtout le jour : entre 8h00 et 18h00.*Toujours
5887,*Surtout durant la semaine - peu la fin de semaine*Surtout le jour : entre 8h00 et 18h00.*Jamais
5250,***
1592,*Surtout durant la semaine - peu la fin de semaine*Surtout le jour : entre 8h00 et 18h00.*Parfois
4264,***
4048,*En semaine ou la fin de semaine a egalite**Parfois
1771,Plage de temps reservee avec quelques exceptions*Surtout durant la semaine - peu la fin de semaine*Surtout le jour : entre 8h00 et 18h00.*Jamais
312,Plage de temps reservee avec quelques exceptions*Surtout durant la semaine - peu la fin de semaine**Jamais
5483,Plage de temps reservee avec quelques exceptions*Surtout durant la fin de semaine - peu en semaine*Surtout le jour : entre 8h00 et 18h00.*Parfois
4054,*Surtout durant la semaine - peu la fin de semaine*Surtout le jour : entre 8h00 et 18h00.*Jamais
739,*Surtout durant la semaine - peu la fin de semaine*Surtout le jour : entre 8h00 et 18h00.*Tres souvent
4774,*Surtout durant la semaine - peu la fin de semaine*Surtout en soiree : apres 18h00.*Regulierement
2571,*Surtout durant la semaine - peu la fin de semaine*Surtout en soiree : apres 18h00.*Toujours
1900,*En semaine ou la fin de semaine a egalite**Jamais
463,*Surtout durant la fin de semaine - peu en semaine*Surtout le jour : entre 8h00 et 18h00.*Jamais
4302,***
2051,*En semaine ou la fin de semaine a egalite**Parfois
4427,Plage de temps reservee avec quelques exceptions*Surtout durant la semaine - peu la fin de semaine*Surtout en soiree : apres 18h00.*Jamais
1461,*En semaine ou la fin de semaine a egalite*Surtout en soiree : apres 18h00.*Regulierement
1116,*En semaine ou la fin de semaine a egalite*Surtout en soiree : apres 18h00.*Jamais
1867,*Surtout durant la semaine - peu la fin de semaine*Surtout en soiree : apres 18h00.*Jamais
6099,***
1782,*Surtout durant la fin de semaine - peu en semaine**Jamais
1654,*Surtout durant la fin de semaine - peu en semaine*Surtout en soiree : apres 18h00.*Jamais
4387,***
4665,***
5092,*En semaine ou la fin de semaine a egalite**Tres souvent
4075,***
2488,Plage de temps reservee avec quelques exceptions*Surtout durant la semaine - peu la fin de semaine*Surtout le jour : entre 8h00 et 18h00.*Parfois
702,Plage de temps strictement reservee*Surtout durant la semaine - peu la fin de semaine*Surtout en soiree : apres 18h00.*Jamais
2498,*En semaine ou la fin de semaine a egalite**Toujours
2879,***
5870,***
726,*Surtout durant la semaine - peu la fin de semaine*Surtout le jour : entre 8h00 et 18h00.*Jamais
3698,***
3263,Plage de temps reservee avec quelques exceptions*Surtout durant la semaine - peu la fin de semaine*Surtout le jour : entre 8h00 et 18h00.*Regulierement
2091,*Surtout durant la semaine - peu la fin de semaine*Surtout le jour : entre 8h00 et 18h00.*Tres souvent
996,*Surtout durant la semaine - peu la fin de semaine*Surtout le jour : entre 8h00 et 18h00.*Regulierement
4666,*Surtout durant la semaine - peu la fin de semaine*Surtout le jour : entre 8h00 et 18h00.*Jamais
274,Plage de temps reservee avec quelques exceptions*Surtout durant la semaine - peu la fin de semaine**Jamais
2338,*En semaine ou la fin de semaine a egalite**Jamais
4685,*En semaine ou la fin de semaine a egalite*Surtout en soiree : apres 18h00.*Jamais
1653,*Surtout durant la semaine - peu la fin de semaine*Surtout en soiree : apres 18h00.*Jamais
4290,Plage de temps reservee avec quelques exceptions*En semaine ou la fin de semaine a egalite**Parfois
5088,Plage de temps strictement reservee*Surtout durant la fin de semaine - peu en semaine**Jamais
4074,Plage de temps strictement reservee*En semaine ou la fin de semaine a egalite*Surtout le jour : entre 8h00 et 18h00.*Jamais
5091,Plage de temps reservee avec quelques exceptions*Surtout durant la semaine - peu la fin de semaine*Surtout le jour : entre 8h00 et 18h00.*Parfois
4720,*Surtout durant la semaine - peu la fin de semaine*Surtout le jour : entre 8h00 et 18h00.*Toujours
6115,Plage de temps reservee avec quelques exceptions*Surtout durant la fin de semaine - peu en semaine*Surtout le jour : entre 8h00 et 18h00.*Parfois
5547,***
4133,*En semaine ou la fin de semaine a egalite**Parfois
964,*Surtout durant la fin de semaine - peu en semaine*Surtout le jour : entre 8h00 et 18h00.*Tres souvent
3270,*Surtout durant la semaine - peu la fin de semaine*Surtout le jour : entre 8h00 et 18h00.*Tres souvent
5914,***
3998,***
5571,Plage de temps strictement reservee*Surtout durant la fin de semaine - peu en semaine*Surtout le jour : entre 8h00 et 18h00.*Jamais
518,*Surtout durant la semaine - peu la fin de semaine*Surtout le jour : entre 8h00 et 18h00.*Parfois
4111,***
4162,Plage de temps reservee avec quelques exceptions*En semaine ou la fin de semaine a egalite*Surtout en soiree : apres 18h00.*Parfois
4173,***
4807,*Surtout durant la fin de semaine - peu en semaine**Jamais
3703,*Surtout durant la semaine - peu la fin de semaine*Surtout le jour : entre 8h00 et 18h00.*Regulierement
3471,***
4846,***
5682,*En semaine ou la fin de semaine a egalite**Toujours
4565,*Surtout durant la semaine - peu la fin de semaine*Surtout le jour : entre 8h00 et 18h00.*Jamais
333,*Surtout durant la semaine - peu la fin de semaine*Surtout en soiree : apres 18h00.*Parfois
2245,*Surtout durant la semaine - peu la fin de semaine**Parfois
1260,***
3363,*Surtout durant la fin de semaine - peu en semaine*Surtout en soiree : apres 18h00.*Jamais
4657,Plage de temps reservee avec quelques exceptions*Surtout durant la fin de semaine - peu en semaine**Parfois
4836,*En semaine ou la fin de semaine a egalite*Surtout en soiree : apres 18h00.*Jamais
5782,*Surtout durant la semaine - peu la fin de semaine*Surtout en soiree : apres 18h00.*option_i4x-TELUQ-TUL1-problem-7263404c883d4411a0879cf73ff5f652_2_4_dummy_default
2803,*Surtout durant la semaine - peu la fin de semaine*Surtout en soiree : apres 18h00.*Jamais
1719,***
5168,*Surtout durant la semaine - peu la fin de semaine**option_i4x-TELUQ-TUL1-problem-7263404c883d4411a0879cf73ff5f652_2_4_dummy_default
4781,*Surtout durant la fin de semaine - peu en semaine*Surtout le jour : entre 8h00 et 18h00.*Jamais
3158,Plage de temps strictement reservee*Surtout durant la fin de semaine - peu en semaine*Surtout le jour : entre 8h00 et 18h00.*Parfois
1811,*En semaine ou la fin de semaine a egalite*Surtout le jour : entre 8h00 et 18h00.*Jamais
4339,*Surtout durant la fin de semaine - peu en semaine*Surtout le jour : entre 8h00 et 18h00.*Jamais
1049,Plage de temps reservee avec quelques exceptions*Surtout durant la fin de semaine - peu en semaine*Surtout le jour : entre 8h00 et 18h00.*Jamais
1277,Plage de temps reservee avec quelques exceptions*Surtout durant la fin de semaine - peu en semaine*Surtout le jour : entre 8h00 et 18h00.*Jamais
962,***
3841,*Surtout durant la fin de semaine - peu en semaine*Surtout en soiree : apres 18h00.*Parfois
5056,*En semaine ou la fin de semaine a egalite**Jamais
3587,*Surtout durant la semaine - peu la fin de semaine*Surtout le jour : entre 8h00 et 18h00.*Jamais
2446,Plage de temps reservee avec quelques exceptions*Surtout durant la semaine - peu la fin de semaine*Surtout le jour : entre 8h00 et 18h00.*Jamais
6143,***
2413,*En semaine ou la fin de semaine a egalite*Surtout le jour : entre 8h00 et 18h00.*Jamais
1642,Plage de temps reservee avec quelques exceptions*Surtout durant la semaine - peu la fin de semaine*Surtout le jour : entre 8h00 et 18h00.*Jamais
5809,***
1151,*Surtout durant la fin de semaine - peu en semaine**Jamais
311,***
4735,*Surtout durant la fin de semaine - peu en semaine*Surtout en soiree : apres 18h00.*Jamais
3387,Plage de temps strictement reservee*Surtout durant la fin de semaine - peu en semaine**Parfois
3380,Plage de temps strictement reservee*Surtout durant la semaine - peu la fin de semaine*Surtout en soiree : apres 18h00.*option_i4x-TELUQ-TUL1-problem-7263404c883d4411a0879cf73ff5f652_2_4_dummy_default
1227,*Surtout durant la fin de semaine - peu en semaine*Surtout le jour : entre 8h00 et 18h00.*Jamais
2806,*En semaine ou la fin de semaine a egalite*Surtout en soiree : apres 18h00.*Jamais
5549,*En semaine ou la fin de semaine a egalite*Surtout en soiree : apres 18h00.*Jamais
4107,*Surtout durant la fin de semaine - peu en semaine*Surtout en soiree : apres 18h00.*Parfois
3825,*Surtout durant la fin de semaine - peu en semaine*Surtout en soiree : apres 18h00.*Jamais
2969,*En semaine ou la fin de semaine a egalite**Jamais
5816,Plage de temps reservee avec quelques exceptions*Surtout durant la fin de semaine - peu en semaine*Surtout le jour : entre 8h00 et 18h00.*Jamais
4810,Plage de temps strictement reservee*Surtout durant la fin de semaine - peu en semaine*Surtout le jour : entre 8h00 et 18h00.*Jamais
871,*Surtout durant la semaine - peu la fin de semaine*Surtout le jour : entre 8h00 et 18h00.*Parfois
680,*En semaine ou la fin de semaine a egalite**Parfois
1904,*En semaine ou la fin de semaine a egalite**Jamais
1258,***
3494,***
2845,*Surtout durant la fin de semaine - peu en semaine*Surtout en soiree : apres 18h00.*Parfois
3046,*En semaine ou la fin de semaine a egalite**Jamais
5017,*Surtout durant la semaine - peu la fin de semaine*Surtout en soiree : apres 18h00.*Jamais
4915,*En semaine ou la fin de semaine a egalite*Surtout en soiree : apres 18h00.*Parfois
1822,*Surtout durant la fin de semaine - peu en semaine**Jamais
6189,Plage de temps strictement reservee*Surtout durant la fin de semaine - peu en semaine**Tres souvent
1969,*Surtout durant la fin de semaine - peu en semaine*Surtout en soiree : apres 18h00.*Jamais
4306,*Surtout durant la fin de semaine - peu en semaine*Surtout le jour : entre 8h00 et 18h00.*Regulierement
2697,Plage de temps reservee avec quelques exceptions*Surtout durant la semaine - peu la fin de semaine*Surtout en soiree : apres 18h00.*Jamais
3047,*En semaine ou la fin de semaine a egalite**Jamais
4349,*Surtout durant la semaine - peu la fin de semaine*Surtout en soiree : apres 18h00.*Jamais
3209,Plage de temps strictement reservee*Surtout durant la fin de semaine - peu en semaine*Surtout en soiree : apres 18h00.*Jamais
2520,*Surtout durant la semaine - peu la fin de semaine*Surtout en soiree : apres 18h00.*Parfois
5276,***
3033,Plage de temps reservee avec quelques exceptions*Surtout durant la semaine - peu la fin de semaine*Surtout en soiree : apres 18h00.*Jamais
4599,*En semaine ou la fin de semaine a egalite*Surtout en soiree : apres 18h00.*Parfois
3924,*Surtout durant la semaine - peu la fin de semaine*Surtout le jour : entre 8h00 et 18h00.*Tres souvent
1617,*En semaine ou la fin de semaine a egalite**Tres souvent
3642,***
1009,*Surtout durant la fin de semaine - peu en semaine*Surtout le jour : entre 8h00 et 18h00.*Parfois
2813,Plage de temps strictement reservee*Surtout durant la semaine - peu la fin de semaine*Surtout le jour : entre 8h00 et 18h00.*Tres souvent
4518,***
2234,***
283,***
3766,*Surtout durant la fin de semaine - peu en semaine**Jamais
507,*Surtout durant la semaine - peu la fin de semaine*Surtout le jour : entre 8h00 et 18h00.*Parfois
5668,*Surtout durant la semaine - peu la fin de semaine*Surtout en soiree : apres 18h00.*Jamais
5134,*Surtout durant la semaine - peu la fin de semaine*Surtout le jour : entre 8h00 et 18h00.*Tres souvent
1683,***
3128,***
1524,Plage de temps reservee avec quelques exceptions*Surtout durant la fin de semaine - peu en semaine*Surtout le jour : entre 8h00 et 18h00.*Parfois
3817,***
4587,Plage de temps strictement reservee*Surtout durant la semaine - peu la fin de semaine*Surtout le jour : entre 8h00 et 18h00.*Jamais
4888,***
296,Plage de temps reservee avec quelques exceptions*Surtout durant la semaine - peu la fin de semaine*Surtout le jour : entre 8h00 et 18h00.*Jamais
2203,***
5401,***
5006,Plage de temps reservee avec quelques exceptions*Surtout durant la semaine - peu la fin de semaine*Surtout le jour : entre 8h00 et 18h00.*Jamais
5474,*En semaine ou la fin de semaine a egalite*Surtout le jour : entre 8h00 et 18h00.*Jamais
268,*Surtout durant la semaine - peu la fin de semaine*Surtout le jour : entre 8h00 et 18h00.*Parfois
4381,Plage de temps reservee avec quelques exceptions*Surtout durant la fin de semaine - peu en semaine*Surtout le jour : entre 8h00 et 18h00.*Parfois
5839,***
4670,*Surtout durant la semaine - peu la fin de semaine*Surtout le jour : entre 8h00 et 18h00.*Parfois
6016,***
4841,***
3304,*Surtout durant la semaine - peu la fin de semaine*Surtout en soiree : apres 18h00.*Jamais
5143,*Surtout durant la fin de semaine - peu en semaine*Surtout en soiree : apres 18h00.*Parfois
6142,***
1936,*Surtout durant la semaine - peu la fin de semaine*Surtout en soiree : apres 18h00.*Parfois
2989,*En semaine ou la fin de semaine a egalite*Surtout en soiree : apres 18h00.*Parfois
5050,*En semaine ou la fin de semaine a egalite*Surtout en soiree : apres 18h00.*Jamais
5862,*En semaine ou la fin de semaine a egalite*Surtout en soiree : apres 18h00.*Jamais
5726,*En semaine ou la fin de semaine a egalite*Surtout le jour : entre 8h00 et 18h00.*Jamais
4602,***
1839,***
1080,Plage de temps strictement reservee*Surtout durant la semaine - peu la fin de semaine*Surtout le jour : entre 8h00 et 18h00.*Toujours
2738,Plage de temps reservee avec quelques exceptions*Surtout durant la semaine - peu la fin de semaine*Surtout le jour : entre 8h00 et 18h00.*Jamais
1762,*Surtout durant la semaine - peu la fin de semaine**Regulierement
1721,Plage de temps strictement reservee*Surtout durant la semaine - peu la fin de semaine*Surtout en soiree : apres 18h00.*Jamais
740,***
6192,*Surtout durant la semaine - peu la fin de semaine*Surtout en soiree : apres 18h00.*Parfois
2177,*Surtout durant la semaine - peu la fin de semaine**Tres souvent
4149,*Surtout durant la semaine - peu la fin de semaine*Surtout le jour : entre 8h00 et 18h00.*Tres souvent
4615,***
2139,Plage de temps reservee avec quelques exceptions*En semaine ou la fin de semaine a egalite*Surtout le jour : entre 8h00 et 18h00.*Tres souvent
3629,*Surtout durant la semaine - peu la fin de semaine*Surtout le jour : entre 8h00 et 18h00.*Jamais
952,*Surtout durant la fin de semaine - peu en semaine**Jamais
986,Plage de temps reservee avec quelques exceptions*Surtout durant la semaine - peu la fin de semaine*Surtout en soiree : apres 18h00.*option_i4x-TELUQ-TUL1-problem-7263404c883d4411a0879cf73ff5f652_2_4_dummy_default
4360,***
2618,*En semaine ou la fin de semaine a egalite**Jamais
3979,Plage de temps reservee avec quelques exceptions*Surtout durant la semaine - peu la fin de semaine*Surtout le jour : entre 8h00 et 18h00.*Tres souvent
929,*Surtout durant la semaine - peu la fin de semaine*Surtout en soiree : apres 18h00.*Jamais
2483,*Surtout durant la semaine - peu la fin de semaine*Surtout en soiree : apres 18h00.*Jamais
1748,*En semaine ou la fin de semaine a egalite**Jamais
652,*Surtout durant la semaine - peu la fin de semaine*Surtout le jour : entre 8h00 et 18h00.*Jamais
2631,***
3558,***
6048,Plage de temps strictement reservee*Surtout durant la fin de semaine - peu en semaine*Surtout en soiree : apres 18h00.*Parfois
3711,***
2182,***
672,*En semaine ou la fin de semaine a egalite*Surtout le jour : entre 8h00 et 18h00.*Jamais
1084,***
6014,***
851,*En semaine ou la fin de semaine a egalite*Surtout en soiree : apres 18h00.*Jamais
1879,*Surtout durant la semaine - peu la fin de semaine*Surtout le jour : entre 8h00 et 18h00.*Tres souvent
3053,*En semaine ou la fin de semaine a egalite**Jamais
1134,*Surtout durant la fin de semaine - peu en semaine*Surtout en soiree : apres 18h00.*Regulierement
5461,***
3765,***
3986,***
2795,***
876,*Surtout durant la semaine - peu la fin de semaine*Surtout en soiree : apres 18h00.*Jamais
785,Plage de temps reservee avec quelques exceptions*En semaine ou la fin de semaine a egalite*Surtout en soiree : apres 18h00.*Parfois
857,Plage de temps reservee avec quelques exceptions*Surtout durant la semaine - peu la fin de semaine**Parfois
4079,Plage de temps strictement reservee*Surtout durant la semaine - peu la fin de semaine*Surtout le jour : entre 8h00 et 18h00.*Regulierement
3480,*Surtout durant la fin de semaine - peu en semaine*Surtout en soiree : apres 18h00.*Parfois
3163,Plage de temps reservee avec quelques exceptions*Surtout durant la semaine - peu la fin de semaine*Surtout en soiree : apres 18h00.*Jamais
2012,Plage de temps reservee avec quelques exceptions*Surtout durant la semaine - peu la fin de semaine*Surtout le jour : entre 8h00 et 18h00.*Jamais
1632,Plage de temps strictement reservee*option_i4x-TELUQ-TUL1-problem-7263404c883d4411a0879cf73ff5f652_2_2_dummy_default*option_i4x-TELUQ-TUL1-problem-7263404c883d4411a0879cf73ff5f652_2_3_dummy_default*option_i4x-TELUQ-TUL1-problem-7263404c883d4411a0879cf73ff5f652_2_4_dummy_default
1749,*En semaine ou la fin de semaine a egalite*Surtout en soiree : apres 18h00.*Parfois
2074,***
2109,***
4335,***
963,Plage de temps reservee avec quelques exceptions*Surtout durant la semaine - peu la fin de semaine*Surtout le jour : entre 8h00 et 18h00.*Tres souvent
2930,***
3131,Plage de temps strictement reservee*En semaine ou la fin de semaine a egalite**Parfois
1527,*Surtout durant la semaine - peu la fin de semaine*Surtout le jour : entre 8h00 et 18h00.*Regulierement
4536,*Surtout durant la semaine - peu la fin de semaine*Surtout en soiree : apres 18h00.*Jamais
2146,Plage de temps strictement reservee*Surtout durant la semaine - peu la fin de semaine*Surtout le jour : entre 8h00 et 18h00.*Jamais
2848,*Surtout durant la fin de semaine - peu en semaine**Jamais
3227,*Surtout durant la semaine - peu la fin de semaine*Surtout le jour : entre 8h00 et 18h00.*Jamais
3044,*Surtout durant la fin de semaine - peu en semaine**Jamais
1978,*En semaine ou la fin de semaine a egalite**Jamais
2133,***
6011,*Surtout durant la semaine - peu la fin de semaine*Surtout le jour : entre 8h00 et 18h00.*Parfois
845,*Surtout durant la semaine - peu la fin de semaine**Parfois
5721,Plage de temps strictement reservee*Surtout durant la fin de semaine - peu en semaine*Surtout le jour : entre 8h00 et 18h00.*Jamais
1585,Plage de temps strictement reservee*Surtout durant la semaine - peu la fin de semaine*Surtout le jour : entre 8h00 et 18h00.*Regulierement
289,Plage de temps reservee avec quelques exceptions*Surtout durant la semaine - peu la fin de semaine*Surtout le jour : entre 8h00 et 18h00.*Jamais
3323,***
1367,Plage de temps reservee avec quelques exceptions*Surtout durant la fin de semaine - peu en semaine*Surtout le jour : entre 8h00 et 18h00.*Parfois
1421,***
3436,*Surtout durant la semaine - peu la fin de semaine*Surtout en soiree : apres 18h00.*Jamais
4535,Plage de temps reservee avec quelques exceptions*Surtout durant la fin de semaine - peu en semaine*Surtout le jour : entre 8h00 et 18h00.*Tres souvent
1623,*En semaine ou la fin de semaine a egalite*Surtout en soiree : apres 18h00.*Jamais
3458,*Surtout durant la fin de semaine - peu en semaine*Surtout en soiree : apres 18h00.*option_i4x-TELUQ-TUL1-problem-7263404c883d4411a0879cf73ff5f652_2_4_dummy_default
3095,Plage de temps reservee avec quelques exceptions*Surtout durant la fin de semaine - peu en semaine*Surtout en soiree : apres 18h00.*Parfois
2224,*Surtout durant la fin de semaine - peu en semaine*Surtout en soiree : apres 18h00.*Jamais
3612,Plage de temps reservee avec quelques exceptions*Surtout durant la semaine - peu la fin de semaine*Surtout en soiree : apres 18h00.*Jamais
2773,*En semaine ou la fin de semaine a egalite**Jamais
4357,***
6208,***
2352,*Surtout durant la fin de semaine - peu en semaine**Parfois
1318,***
2669,Plage de temps reservee avec quelques exceptions*Surtout durant la semaine - peu la fin de semaine*Surtout en soiree : apres 18h00.*Jamais
829,Plage de temps strictement reservee*Surtout durant la semaine - peu la fin de semaine*Surtout le jour : entre 8h00 et 18h00.*Toujours
2269,*En semaine ou la fin de semaine a egalite**Jamais
5022,***
2038,Plage de temps reservee avec quelques exceptions*Surtout durant la fin de semaine - peu en semaine**Parfois
4842,*Surtout durant la semaine - peu la fin de semaine*Surtout en soiree : apres 18h00.*Parfois
4224,*Surtout durant la semaine - peu la fin de semaine*Surtout en soiree : apres 18h00.*Jamais
4566,*En semaine ou la fin de semaine a egalite*Surtout le jour : entre 8h00 et 18h00.*Toujours
937,*En semaine ou la fin de semaine a egalite*Surtout en soiree : apres 18h00.*Jamais
4675,*Surtout durant la semaine - peu la fin de semaine*Surtout en soiree : apres 18h00.*Jamais
2529,*Surtout durant la semaine - peu la fin de semaine*Surtout en soiree : apres 18h00.*Parfois
3013,*En semaine ou la fin de semaine a egalite*Surtout le jour : entre 8h00 et 18h00.*Parfois
459,*Surtout durant la semaine - peu la fin de semaine**Parfois
3374,***
2353,***
3637,*En semaine ou la fin de semaine a egalite*Surtout en soiree : apres 18h00.*Jamais
399,*En semaine ou la fin de semaine a egalite*Surtout en soiree : apres 18h00.*Parfois
1835,***
4446,*Surtout durant la semaine - peu la fin de semaine**Jamais
2148,*Surtout durant la semaine - peu la fin de semaine*Surtout en soiree : apres 18h00.*Parfois
4038,*Surtout durant la fin de semaine - peu en semaine*Surtout le jour : entre 8h00 et 18h00.*Jamais
3201,*Surtout durant la semaine - peu la fin de semaine*Surtout en soiree : apres 18h00.*Jamais
2183,*Surtout durant la semaine - peu la fin de semaine*Surtout en soiree : apres 18h00.*Jamais
5759,Plage de temps reservee avec quelques exceptions*Surtout durant la semaine - peu la fin de semaine*Surtout en soiree : apres 18h00.*Parfois
2456,*Surtout durant la fin de semaine - peu en semaine*Surtout en soiree : apres 18h00.*Parfois
3880,*Surtout durant la semaine - peu la fin de semaine*Surtout en soiree : apres 18h00.*Jamais
1854,*Surtout durant la semaine - peu la fin de semaine*Surtout le jour : entre 8h00 et 18h00.*Regulierement
370,***
885,***
2113,*Surtout durant la semaine - peu la fin de semaine*Surtout en soiree : apres 18h00.*Jamais
2333,***
287,***
4088,*Surtout durant la semaine - peu la fin de semaine*Surtout le jour : entre 8h00 et 18h00.*Jamais
852,*Surtout durant la semaine - peu la fin de semaine*Surtout en soiree : apres 18h00.*Jamais
4830,Plage de temps reservee avec quelques exceptions*Surtout durant la semaine - peu la fin de semaine**Jamais
1537,*Surtout durant la semaine - peu la fin de semaine**Jamais
5043,*En semaine ou la fin de semaine a egalite*Surtout en soiree : apres 18h00.*Jamais
2695,Plage de temps strictement reservee*Surtout durant la semaine - peu la fin de semaine*Surtout en soiree : apres 18h00.*Jamais
5039,*Surtout durant la semaine - peu la fin de semaine*Surtout en soiree : apres 18h00.*Jamais
2022,*Surtout durant la semaine - peu la fin de semaine*Surtout en soiree : apres 18h00.*Jamais
5848,*En semaine ou la fin de semaine a egalite**Regulierement
2303,*Surtout durant la semaine - peu la fin de semaine*Surtout le jour : entre 8h00 et 18h00.*Jamais
5787,*En semaine ou la fin de semaine a egalite*Surtout le jour : entre 8h00 et 18h00.*Jamais
3454,*Surtout durant la semaine - peu la fin de semaine*Surtout le jour : entre 8h00 et 18h00.*Parfois
5672,*Surtout durant la semaine - peu la fin de semaine*Surtout le jour : entre 8h00 et 18h00.*Jamais
4611,Plage de temps reservee avec quelques exceptions*Surtout durant la semaine - peu la fin de semaine*Surtout le jour : entre 8h00 et 18h00.*Regulierement
2831,*Surtout durant la semaine - peu la fin de semaine*Surtout le jour : entre 8h00 et 18h00.*Jamais
6074,*Surtout durant la semaine - peu la fin de semaine*Surtout en soiree : apres 18h00.*Jamais
1813,***
2219,*Surtout durant la fin de semaine - peu en semaine*Surtout le jour : entre 8h00 et 18h00.*Parfois
2013,*Surtout durant la fin de semaine - peu en semaine*Surtout en soiree : apres 18h00.*Jamais
4383,Plage de temps reservee avec quelques exceptions*Surtout durant la semaine - peu la fin de semaine*Surtout en soiree : apres 18h00.*Jamais
2519,Plage de temps strictement reservee*En semaine ou la fin de semaine a egalite*Surtout en soiree : apres 18h00.*Jamais
347,***
3763,*Surtout durant la semaine - peu la fin de semaine*Surtout en soiree : apres 18h00.*Tres souvent
1466,***
992,***
5968,***
6171,*Surtout durant la semaine - peu la fin de semaine*Surtout le jour : entre 8h00 et 18h00.*Jamais
654,***
4021,***
5850,***
1131,*En semaine ou la fin de semaine a egalite*Surtout en soiree : apres 18h00.*Parfois
3644,*Surtout durant la fin de semaine - peu en semaine*Surtout en soiree : apres 18h00.*Jamais
5003,Plage de temps strictement reservee*Surtout durant la fin de semaine - peu en semaine*Surtout en soiree : apres 18h00.*Jamais
5292,Plage de temps reservee avec quelques exceptions*Surtout durant la semaine - peu la fin de semaine*Surtout en soiree : apres 18h00.*Jamais
4519,*En semaine ou la fin de semaine a egalite**Parfois
1814,***
1850,***
1200,***
1106,*Surtout durant la semaine - peu la fin de semaine*Surtout le jour : entre 8h00 et 18h00.*Jamais
482,***
4368,***
970,*Surtout durant la semaine - peu la fin de semaine*Surtout le jour : entre 8h00 et 18h00.*Jamais
2205,***
5856,*En semaine ou la fin de semaine a egalite*Surtout en soiree : apres 18h00.*Parfois
1311,*En semaine ou la fin de semaine a egalite*Surtout en soiree : apres 18h00.*Parfois
1112,Plage de temps strictement reservee*Surtout durant la semaine - peu la fin de semaine*Surtout le jour : entre 8h00 et 18h00.*Parfois
3848,*En semaine ou la fin de semaine a egalite*Surtout le jour : entre 8h00 et 18h00.*Parfois
4908,*Surtout durant la semaine - peu la fin de semaine*Surtout en soiree : apres 18h00.*Parfois
3008,*Surtout durant la semaine - peu la fin de semaine*Surtout en soiree : apres 18h00.*Jamais
2515,***
5085,***
4160,***
3442,***
6191,***
4331,***
1971,***
4636,***
3412,***
5064,***
795,***
954,***
234,***
284,***
545,***
927,***
1529,***
2052,***
2680,***
3344,***
5566,***
732,*option_i4x-TELUQ-TUL1-problem-7263404c883d4411a0879cf73ff5f652_2_2_dummy_default*Surtout en soiree : apres 18h00.*Parfois
282,***
3340,***
723,***
1101,***
4476,***
605,***
5700,*Surtout durant la semaine - peu la fin de semaine*Surtout le jour : entre 8h00 et 18h00.*Regulierement
4570,***
5550,***
5442,***
2407,***
2501,***
2418,***
8,***
1572,***
4481,***
